-- MySQL dump 10.13  Distrib 5.7.17, for Win64 (x86_64)
--
-- Host: 127.0.0.1    Database: resource
-- ------------------------------------------------------
-- Server version	5.7.17-log

/*!40101 SET @OLD_CHARACTER_SET_CLIENT=@@CHARACTER_SET_CLIENT */;
/*!40101 SET @OLD_CHARACTER_SET_RESULTS=@@CHARACTER_SET_RESULTS */;
/*!40101 SET @OLD_COLLATION_CONNECTION=@@COLLATION_CONNECTION */;
/*!40101 SET NAMES utf8 */;
/*!40103 SET @OLD_TIME_ZONE=@@TIME_ZONE */;
/*!40103 SET TIME_ZONE='+00:00' */;
/*!40014 SET @OLD_UNIQUE_CHECKS=@@UNIQUE_CHECKS, UNIQUE_CHECKS=0 */;
/*!40014 SET @OLD_FOREIGN_KEY_CHECKS=@@FOREIGN_KEY_CHECKS, FOREIGN_KEY_CHECKS=0 */;
/*!40101 SET @OLD_SQL_MODE=@@SQL_MODE, SQL_MODE='NO_AUTO_VALUE_ON_ZERO' */;
/*!40111 SET @OLD_SQL_NOTES=@@SQL_NOTES, SQL_NOTES=0 */;

--
-- Table structure for table `resource_affair`
--

DROP TABLE IF EXISTS `resource_affair`;
/*!40101 SET @saved_cs_client     = @@character_set_client */;
/*!40101 SET character_set_client = utf8 */;
CREATE TABLE `resource_affair` (
  `id` int(11) NOT NULL AUTO_INCREMENT COMMENT '主键id',
  `create_time` timestamp NOT NULL DEFAULT CURRENT_TIMESTAMP COMMENT '创建时间',
  `update_time` timestamp NOT NULL DEFAULT '0000-00-00 00:00:00' ON UPDATE CURRENT_TIMESTAMP COMMENT '更新时间',
  `enable` tinyint(1) DEFAULT '0' COMMENT '逻辑删除值（false删除，true存在）',
  `relation_id` int(11) NOT NULL COMMENT '关联资源id',
  `type` int(8) NOT NULL DEFAULT '0' COMMENT '事务类型（0-新增 1-修改 2-置顶 3-特殊)',
  `status` int(8) DEFAULT '0' COMMENT '事务状态（0-待审核 1-审核通过 2-审核不通过)',
  `handle_remark` varchar(255) DEFAULT NULL COMMENT '处理意见',
  PRIMARY KEY (`id`)
) ENGINE=InnoDB AUTO_INCREMENT=3 DEFAULT CHARSET=utf8 COMMENT='资源审核事务表';
/*!40101 SET character_set_client = @saved_cs_client */;

--
-- Dumping data for table `resource_affair`
--

LOCK TABLES `resource_affair` WRITE;
/*!40000 ALTER TABLE `resource_affair` DISABLE KEYS */;
INSERT INTO `resource_affair` VALUES (1,'2021-03-30 06:55:16','0000-00-00 00:00:00',0,533,0,0,NULL),(2,'2021-03-30 06:57:39','0000-00-00 00:00:00',0,534,0,0,NULL);
/*!40000 ALTER TABLE `resource_affair` ENABLE KEYS */;
UNLOCK TABLES;

--
-- Table structure for table `resource_type`
--

DROP TABLE IF EXISTS `resource_type`;
/*!40101 SET @saved_cs_client     = @@character_set_client */;
/*!40101 SET character_set_client = utf8 */;
CREATE TABLE `resource_type` (
  `id` int(11) NOT NULL AUTO_INCREMENT COMMENT '主键id',
  `create_time` timestamp NOT NULL DEFAULT CURRENT_TIMESTAMP COMMENT '创建时间',
  `update_time` timestamp NOT NULL DEFAULT '0000-00-00 00:00:00' ON UPDATE CURRENT_TIMESTAMP COMMENT '更新时间',
  `enable` tinyint(1) DEFAULT '0' COMMENT '逻辑删除值（false删除，true存在）',
  `remark` varchar(255) DEFAULT NULL COMMENT '备注',
  `type_name` varchar(255) NOT NULL COMMENT '资源分类名',
  `sort` int(11) DEFAULT '0' COMMENT '排序值（大）',
  `pics` varchar(255) DEFAULT NULL COMMENT '图标',
  `parent_id` int(11) NOT NULL DEFAULT '-1' COMMENT '上层父id',
  PRIMARY KEY (`id`)
) ENGINE=InnoDB AUTO_INCREMENT=115 DEFAULT CHARSET=utf8 COMMENT='资源分类表';
/*!40101 SET character_set_client = @saved_cs_client */;

--
-- Dumping data for table `resource_type`
--

LOCK TABLES `resource_type` WRITE;
/*!40000 ALTER TABLE `resource_type` DISABLE KEYS */;
INSERT INTO `resource_type` VALUES (1,'2020-12-11 08:42:24','2021-03-06 02:43:04',0,NULL,'未分类',0,NULL,-1),(101,'2021-01-20 09:47:19','2021-03-06 02:43:04',0,NULL,'学习教程',1,NULL,-1),(102,'2021-01-20 09:47:19','2021-03-06 02:43:04',0,NULL,'书籍网站',2,NULL,-1),(103,'2021-01-20 09:47:19','2021-03-06 02:43:04',0,NULL,'娱乐网站',3,NULL,-1),(104,'2021-01-20 08:11:31','2021-03-06 02:43:04',0,NULL,'开发相关',4,NULL,-1),(105,'2021-01-20 09:47:19','2021-03-06 02:43:04',0,NULL,'壁纸美图',5,NULL,-1),(106,'2021-01-20 09:47:19','2021-03-06 02:43:04',0,NULL,'插件模板',6,NULL,-1),(107,'2021-01-22 03:01:08','2021-03-06 02:43:04',0,NULL,'开发教程',7,NULL,-1),(108,'2021-01-20 09:47:19','2021-03-06 02:43:04',0,NULL,'福利网站',8,NULL,-1),(109,'2021-01-20 09:47:19','2021-03-06 02:43:04',0,NULL,'导航网站',9,NULL,-1),(110,'2021-01-20 08:11:31','2021-03-06 02:43:04',0,NULL,'黑客网站',10,NULL,-1),(111,'2021-01-20 08:11:31','2021-03-06 02:43:04',0,NULL,'项目收集',11,NULL,-1),(112,'2021-01-21 08:38:40','2021-03-06 02:43:04',0,NULL,'资源收集',12,NULL,-1),(113,'2021-01-30 07:37:44','2021-03-06 02:43:04',0,NULL,'工具软件',13,NULL,-1),(114,'2021-01-30 07:37:44','2021-03-06 02:43:04',0,NULL,'源码学习',14,NULL,-1);
/*!40000 ALTER TABLE `resource_type` ENABLE KEYS */;
UNLOCK TABLES;

--
-- Table structure for table `resources`
--

DROP TABLE IF EXISTS `resources`;
/*!40101 SET @saved_cs_client     = @@character_set_client */;
/*!40101 SET character_set_client = utf8 */;
CREATE TABLE `resources` (
  `id` int(11) NOT NULL AUTO_INCREMENT COMMENT '主键id',
  `name` varchar(255) NOT NULL COMMENT '资源名',
  `content` varchar(255) NOT NULL COMMENT '资源内容',
  `type_id` int(11) NOT NULL DEFAULT '1' COMMENT '资源分类Id',
  `create_time` timestamp NOT NULL DEFAULT CURRENT_TIMESTAMP COMMENT '创建时间',
  `update_time` timestamp NULL DEFAULT NULL ON UPDATE CURRENT_TIMESTAMP COMMENT '更新时间',
  `enable` tinyint(1) DEFAULT '0' COMMENT '逻辑删除值,是否删除',
  `remark` text COMMENT '备注',
  `icon` varchar(255) DEFAULT NULL COMMENT 'icon地址',
  PRIMARY KEY (`id`)
) ENGINE=InnoDB AUTO_INCREMENT=535 DEFAULT CHARSET=utf8 COMMENT='资源表';
/*!40101 SET character_set_client = @saved_cs_client */;

--
-- Dumping data for table `resources`
--

LOCK TABLES `resources` WRITE;
/*!40000 ALTER TABLE `resources` DISABLE KEYS */;
INSERT INTO `resources` VALUES (101,'谷粉学术','gfsoso.99lb.net/scholar.html',101,'2021-01-20 08:15:58',NULL,0,'谷粉学术',NULL),(102,'爱课程','https://www.icourses.cn',101,'2021-01-20 08:15:59',NULL,0,'爱课程',NULL),(103,'CSDN','https://www.csdn.net/',101,'2021-01-20 08:15:59',NULL,0,'CSDN博客',NULL),(104,'猫咪论文','https://lunwen.im/',101,'2021-01-20 08:15:59',NULL,0,'猫咪论文',NULL),(105,'我要自学网','https://www.51zxw.net',101,'2021-01-20 08:15:59',NULL,0,'我要自学网',NULL),(106,'知乎','https://www.zhihu.com',101,'2021-01-20 08:15:59',NULL,0,'知乎',NULL),(107,'网易公开课','https://open.163.com/ted/',101,'2021-01-20 08:15:59',NULL,0,'网易公开课',NULL),(108,'中国大学MOOC','https://www.icourse163.org',101,'2021-01-20 08:15:59',NULL,0,'中国大学MOOC',NULL),(109,'网易云课堂','study.163.com',101,'2021-01-20 08:15:59',NULL,0,'网易云课堂',NULL),(110,'学堂在线','https://www.xuetangx.com',101,'2021-01-20 08:15:59',NULL,0,'学堂在线',NULL),(111,'哔哩哔哩弹幕网','https://www.bilibili.com',101,'2021-01-20 08:15:59',NULL,0,'哔哩哔哩弹幕网',NULL),(112,'大学资源网','http://www.dxzy163.com/',101,'2021-01-20 08:15:59',NULL,0,'大学资源网',NULL),(113,'简答题','http://www.jiandati.com/',101,'2021-01-20 08:15:59',NULL,0,'简答题',NULL),(114,'文泉考试','https://www.wqkaoshi.com',101,'2021-01-20 08:15:59',NULL,0,'文泉考试',NULL),(115,'TED（最优质的演讲）','https://www.ted.com/',101,'2021-01-20 08:15:59',NULL,0,'TED（最优质的演讲）',NULL),(116,'iData（论文搜索）','https://www.cn-ki.net',105,'2021-01-20 08:15:59',NULL,0,'iData（论文搜索）',NULL),(117,'云海电子图书馆','https://www.pdfbook.cn',102,'2021-01-20 08:15:59',NULL,0,'云海电子图书馆',NULL),(118,'知轩藏书','http://www.zxcs.me/',102,'2021-01-20 08:15:59',NULL,0,'知轩藏书',NULL),(119,'必看网（人生必看的书籍）','https://www.biikan.com/',102,'2021-01-20 08:15:59',NULL,0,'必看网（人生必看的书籍）',NULL),(120,'码农之家（计算机电子书下载）','https://www.xz577.com',102,'2021-01-20 08:15:58',NULL,0,'码农之家（计算机电子书下载）',NULL),(121,'脚本之家电子书下载','https://www.jb51.net/books/',102,'2021-01-20 08:15:59',NULL,0,'脚本之家电子书下载',NULL),(122,'鸠摩搜书','https://www.jiumodiary.com',102,'2021-01-20 08:15:59',NULL,0,'鸠摩搜书',NULL),(123,'书栈网（极力推荐）','https://www.bookstack.cn/',102,'2021-01-20 08:15:59',NULL,0,'书栈网（极力推荐）',NULL),(124,'搜书VIP-电子书搜索','http://www.soshuvip.com/all.html',102,'2021-01-20 08:15:59',NULL,0,'搜书VIP-电子书搜索',NULL),(125,'书格（在线古籍图书馆）','https://new.shuge.org/',102,'2021-01-20 08:15:59',NULL,0,'书格（在线古籍图书馆）',NULL),(127,'周读（书籍搜索）','ireadweek.com',102,'2021-01-20 08:15:59',NULL,0,'周读（书籍搜索）',NULL),(128,'创意光线绘画','http://weavesilk.com/',103,'2021-01-20 08:15:59',NULL,0,'创意光线绘画',NULL),(129,'全历史','https://www.allhistory.com/',101,'2021-01-20 08:15:59',NULL,0,'了解全世界各地的历史信息',NULL),(130,'术语在线','http://www.termonline.cn/',103,'2021-01-20 08:15:59',NULL,0,'术语在线',NULL),(131,'星系观察','https://stellarium-web.org/',101,'2021-01-20 08:15:59',NULL,0,'星系观察，了解星星相关的知识信息，还能看到好看的星系壁纸',NULL),(132,'渣男-说话的艺术','https://lovelive.tools/',103,'2021-01-20 08:15:59',NULL,0,'了解绿茶和海王怎么说话',NULL),(133,'上班摸鱼必备（假装电脑系统升级）','http://fakeupdate.net/',103,'2021-01-20 08:15:59',NULL,0,'上班摸鱼必备（假装电脑系统升级）',NULL),(134,'查无此人（刷新网站，展现一张AI 生成的人脸照片）','https://thispersondoesnotexist.com/',104,'2021-01-20 08:15:59',NULL,0,'查无此人（刷新网站，展现一张AI 生成的人脸照片）',NULL),(135,'煎蛋','http://jandan.net/',103,'2021-01-20 08:15:59',NULL,0,'这是一个冷知识网站，让你了解全世界的冷知识，尽管这些冷知识没啥用',NULL),(136,'福利单词（一个不太正经的背单词网站）','http://dict.ftqq.com',104,'2021-01-20 08:15:59',NULL,0,'福利单词（一个不太正经的背单词网站）',NULL),(137,'在线制作地图图例','https://mapchart.net/',104,'2021-01-20 08:15:59',NULL,0,'在线制作地图图例,可以制作全世界的所有国家的地图实例，可以放在自己的项目之中',NULL),(138,'图片立体像素画','https://pissang.github.io/voxelize-image/',111,'2021-01-20 08:15:59',NULL,0,'图片立体像素画',NULL),(139,'iData','https://www.cn-ki.net/',101,'2021-01-20 08:15:59',NULL,0,'iData知识检索，可以查阅论文，期刊',NULL),(140,'PIECES 拼图（30 个 CSS 碎片进行拼图，呈现 30 种濒临灭绝的动物）','http://www.species-in-pieces.com/',101,'2021-01-20 08:15:59',NULL,0,'PIECES 拼图（30 个 CSS 碎片进行拼图，呈现 30 种濒临灭绝的动物）',NULL),(141,'源码之家','https://www.mycodes.net/',104,'2021-01-20 08:15:59',NULL,0,'源码之家，有着一些开发教程源码，适合新手进行浏览',NULL),(142,'Json在线解析验证','https://www.json.cn/',113,'2021-01-20 08:15:59',NULL,0,'Json在线解析验证网站',NULL),(143,'在线接口测试（Getman）','https://getman.cn/',113,'2021-01-20 08:15:59',NULL,0,'在线工具网站，包括接口测试（Getman），正则表达式，代码格式化等等',NULL),(144,'JSON to Dart','https://javiercbk.github.io/json_to_dart/',111,'2021-01-20 08:15:59',NULL,0,'JSON to Dart',NULL),(145,'GitHub','https://github.com/',111,'2021-01-20 08:15:59',NULL,0,'GitHub',NULL),(146,'码云','https://gitee.com/',111,'2021-01-20 08:15:59',NULL,0,'码云',NULL),(147,'小白盘','https://www.xiaobaipan.com/',113,'2021-01-20 08:15:59',NULL,0,'小白盘，网盘资源搜索工具',NULL),(148,'如风搜（资源搜索）','http://www.rufengso.net/',105,'2021-01-20 08:15:59',NULL,0,'如风搜（资源搜索）',NULL),(149,'秘迹搜索','https://mijisou.com/',105,'2021-01-20 08:15:59',NULL,0,'秘迹搜索',NULL),(150,'虫部落（资源搜索）','https://www.chongbuluo.com',105,'2021-01-20 08:15:59',NULL,0,'虫部落（资源搜索）',NULL),(151,'云盘精灵（资源搜索）','https://www.yunpanjingling.com',105,'2021-01-20 08:15:59',NULL,0,'云盘精灵（资源搜索）',NULL),(152,'DogeDoge搜索引擎','https://www.dogedoge.com',105,'2021-01-20 08:15:59',NULL,0,'DogeDoge搜索引擎',NULL),(153,'爱扒趣','https://www.zyboe.com/',113,'2021-01-20 08:15:59',NULL,0,'爱扒趣，发现ed2k，磁力搜索，磁力链接,bt种子，网盘优质资源。',NULL),(154,'香当网（年终总结，个人简历，事迹材料，租赁合同，演讲稿）','https://www.xiangdang.net/',106,'2021-01-20 08:15:59',NULL,0,'香当网（年终总结，个人简历，事迹材料，租赁合同，演讲稿）',NULL),(155,'问卷网','https://www.wenjuan.com/',113,'2021-01-20 08:15:59',NULL,0,'调查问卷制作',NULL),(156,'图片无限变放大','http://bigjpg.com/zh',113,'2021-01-20 08:15:59',NULL,0,'使用最新人工智能深度学习技术——深度卷积神经网络。它会将噪点和锯齿的部分进行补充，实现图片的无损放大',NULL),(157,'幕布（在线大纲笔记工具）','mubu.com',107,'2021-01-20 08:15:59',NULL,0,'幕布（在线大纲笔记工具）',NULL),(158,'果核剥壳（软件下载）','https://www.ghpym.com/',113,'2021-01-20 08:15:59',NULL,0,'果核剥壳（软件下载）',NULL),(159,'拷贝兔','https://cp.anyknew.com/',113,'2021-01-20 08:15:59',NULL,0,'拷贝兔可以实现不同设备间文件或文本的临时性快速分享的实用工具，比如你打印时需要把文件从一台电脑传到另外一台电脑、临时需要把Mac上的一个APK文件发送到Android设备、把一些软件配置参数从Windows传到iPad...但又不想安装各种同步软件进行各种设置各种登录，你可以在几秒中内可以在Windows、Mac、Linux、iOS、Android等各种有浏览器的设备间完成原先耗时且繁琐的分享操作。',NULL),(160,'文叔叔（大文件传输，不限速）','https://www.wenshushu.cn/',113,'2021-01-20 08:15:59',NULL,0,'文叔叔（大文件传输，不限速），使用文叔叔，只需要对方的手机号或邮箱，就可以轻松将单个、多个文件传给对方。真香...',NULL),(161,'二维码生成','https://cli.im/',113,'2021-01-20 08:15:59',NULL,0,'二维码生成',NULL),(163,'MSDN','https://msdn.itellyou.cn/',113,'2021-01-20 08:15:59',NULL,0,'MSDN（windows10系统镜像下载）',NULL),(165,'熵数（图表制作，数据可视化）','https://dydata.io/appv2/#/pages/index/home',113,'2021-01-20 08:15:59',NULL,0,'熵数（图表制作，数据可视化）',NULL),(166,'在线转换器（在线转换器转换任何测量单位）','https://zh.justcnw.com/',113,'2021-01-20 08:15:59',NULL,0,'在线转换器（在线转换器转换任何测量单位）使用在线转换器转换任何测量单位。免费转换单位的最简单的方法。在JustCNW，您可以找到任何单位的转换器。',NULL),(167,'奶牛快传（在线传输文件利器）','cowtransfer.com',113,'2021-01-20 08:15:59',NULL,0,'奶牛快传（在线传输文件利器）以更强的视觉冲击力传递您的想法。\r\n              无论何时，你在何地，亦或是传输的文件需去向哪里，\r\n              都可以完美掌控一切。',NULL),(168,'联合优网','https://www.unyoo.com/',113,'2021-01-20 08:15:59',NULL,0,'软件下载，各种资源下载',NULL),(169,'搜罗导航','https://www.sldh123.com/',109,'2021-01-20 08:15:59',NULL,0,'搜罗导航',NULL),(170,'兔2工具合集','https://www.tool2.cn/',107,'2021-01-20 08:15:59',NULL,0,'兔2工具合集',NULL),(171,'KIM主页','https://kim.plopco.com/',109,'2021-01-20 08:15:59',NULL,0,'KIM主页，附带导航',NULL),(172,'小呆导航','https://www.webjike.com/index.html',109,'2021-01-20 08:15:59',NULL,0,'小呆导航',NULL),(174,'蓝调网站','http://lcoc.top/',104,'2021-01-20 08:15:59',NULL,0,'蓝调网站',NULL),(175,'工具导航','https://hao.logosc.cn/',107,'2021-01-20 08:15:59',NULL,0,'工具导航',NULL),(176,'简捷工具','http://www.shulijp.com/',107,'2021-01-20 08:15:59',NULL,0,'简捷工具',NULL),(178,'偷渡鱼','https://touduyu.com/',109,'2021-01-20 08:15:59',NULL,0,'偷渡鱼，最好的导航网站',NULL),(179,'小森林导航','http://www.xsldh6.com/',109,'2021-01-20 08:15:59',NULL,0,'小森林导航',NULL),(180,'爱资料工具（在线实用工具集合）','https://www.toolnb.com',107,'2021-01-20 08:15:59',NULL,0,'爱资料工具（在线实用工具集合）',NULL),(181,'牛导航','http://www.ziliao6.com/',109,'2021-01-20 08:15:59',NULL,0,'牛导航',NULL),(182,'NiceTool.net 好工具网','http://www.nicetool.net/',107,'2021-01-20 08:15:59',NULL,0,'NiceTool.net 好工具网',NULL),(183,'精准云工具合集','https://jingzhunyun.com/',107,'2021-01-20 08:15:59',NULL,0,'精准云工具合集',NULL),(184,'现实君工具箱（综合型在线工具集成网站）','http://tool.uixsj.cn/',107,'2021-01-20 08:15:59',NULL,0,'现实君工具箱（综合型在线工具集成网站）',NULL),(185,'世界各国网址大全','http://www.world68.com/',109,'2021-01-20 08:15:59',NULL,0,'世界各国网址大全，各国导航，需要VPN',NULL),(186,'动漫视频网','http://www.zzzfun.com/',111,'2021-01-20 08:15:59',NULL,0,'动漫视频网',NULL),(187,'手机发烧友','https://www.aosk.online/',113,'2021-01-20 08:15:59',NULL,0,'资源下载网站',NULL),(189,'牛牛TV','http://www.ziliao6.com/tv/',103,'2021-01-20 08:15:59',NULL,0,'牛牛TV，搜索电影',NULL),(190,'VideoFk解析视频','http://www.videofk.com/',111,'2021-01-20 08:15:59',NULL,0,'VideoFk解析视频',NULL),(191,'蓝调网站','http://lcoc.top/vip2.3/',104,'2021-01-20 08:15:59',NULL,0,'蓝调网站',NULL),(192,'多功能图片网站','https://www.logosc.cn/so/',104,'2021-01-20 08:15:59',NULL,0,'多功能图片网站',NULL),(193,'电影推荐（分类别致）','http://www.mvcat.com',103,'2021-01-20 08:15:59',NULL,0,'电影推荐（分类别致）',NULL),(194,'94神马电影网','http://www.9rmb.com/',103,'2021-01-20 08:15:59',NULL,0,'94神马电影网',NULL),(195,'APP影院','https://app.movie/',103,'2021-01-20 08:15:59',NULL,0,'APP影院',NULL),(196,'NO视频官网','http://www.novipnoad.com/',111,'2021-01-20 08:15:59',NULL,0,'NO视频官网',NULL),(197,'永久资源采集网','https://yongjiuzy.cc',103,'2021-01-20 08:15:59',NULL,0,'永久资源采集网',NULL),(199,'去看TV','https://www.qukantv.net/',103,'2021-01-20 08:15:59',NULL,0,'去看TV,视频查看网站',NULL),(200,'大数据导航','http://hao.199it.com/',109,'2021-01-20 08:15:59',NULL,0,'大数据导航',NULL),(201,'MAKE海报设计官网','http://maka.im/',113,'2021-01-20 08:15:59',NULL,0,'MAKE海报设计官网',NULL),(202,'字由（字体设计）','http://www.hellofont.cn/',113,'2021-01-20 08:15:59',NULL,0,'字由（字体设计）可以下载使用字体',NULL),(204,'企业宣传视频在线制作','https://duomu.tv/',111,'2021-01-20 08:15:58',NULL,0,'企业宣传视频在线制作',NULL),(206,'第一字体转换器','http://www.diyiziti.com/',113,'2021-01-20 08:15:58',NULL,0,'第一字体转换器，字体转换器在线转换 · 艺术字体在线生成器',NULL),(207,'查字体网站','https://fonts.safe.360.cn/',104,'2021-01-20 08:15:58',NULL,0,'查字体网站',NULL),(208,'小图标下载','https://www.easyicon.net/',104,'2021-01-20 08:15:58',NULL,0,'小图标下载',NULL),(209,'新CG儿（视频素材模板，无水印+免费下载）','https://www.newcger.com/',111,'2021-01-20 08:15:58',NULL,0,'新CG儿（视频素材模板，无水印+免费下载）',NULL),(210,'码力全开（产品/设计师/独立开发者的资源库）','https://www.maliquankai.com/designnav/',104,'2021-01-20 08:15:59',NULL,0,'码力全开（产品/设计师/独立开发者的资源库）',NULL),(211,'在线视频剪辑','https://bilibili.clipchamp.com/editor',111,'2021-01-20 08:15:59',NULL,0,'在线视频剪辑',NULL),(212,'爱给网（免费素材下载的网站，包括音效、配乐，3D、视频、游戏，平面、教程）','http://www.aigei.com/',104,'2021-01-20 08:15:59',NULL,0,'爱给网（免费素材下载的网站，包括音效、配乐，3D、视频、游戏，平面、教程）',NULL),(213,'免费音频素材','https://icons8.cn/music',104,'2021-01-20 08:15:59',NULL,0,'免费音频素材',NULL),(214,'doyoudosh（平面设计）','https://www.doyoudo.com',101,'2021-01-20 08:15:59',NULL,0,'doyoudosh（平面设计），教程网站',NULL),(215,'一键海报神器','https://www.logosc.cn/photo/?utm_source=hao.logosc.cn&utm_medium=referral',104,'2021-01-20 08:15:59',NULL,0,'一键海报神器',NULL),(216,'图片压缩，PDF处理','https://docsmall.com/',104,'2021-01-20 08:15:59',NULL,0,'图片压缩，PDF处理',NULL),(217,'PDF24工具（pdf处理工具）','https://tools.pdf24.org/en',107,'2021-01-20 08:15:59',NULL,0,'PDF24工具（pdf处理工具）',NULL),(218,'第一PPT（模板下载）','http://www.1ppt.com/xiazai/',106,'2021-01-20 08:15:59',NULL,0,'第一PPT（模板下载）',NULL),(219,'优品PPT（模板下载）','http://www.ypppt.com/',106,'2021-01-20 08:15:59',NULL,0,'优品PPT（模板下载）',NULL),(221,'PDF处理','https://www.hipdf.cn/Z',113,'2021-01-20 08:15:59',NULL,0,'PDF处理',NULL),(222,'即书（在线制作PPT）','https://www.keysuper.com/',102,'2021-01-20 08:15:59',NULL,0,'即书（在线制作PPT）',NULL),(223,'PPT在线制作','https://www.woodo.cn/',113,'2021-01-20 08:15:59',NULL,0,'PPT在线制作',NULL),(226,'iLovePDF（在线转换PDF利器）','https://www.ilovepdf.com',113,'2021-01-20 08:15:59',NULL,0,'iLovePDF（在线转换PDF利器）',NULL),(227,'TinyPNG（在线压缩图片）','tinypng.com',113,'2021-01-20 08:15:59',NULL,0,'TinyPNG（在线压缩图片）',NULL),(228,'ProcessOn（在线协作制作结构图）','https://www.processon.com',104,'2021-01-20 08:15:59',NULL,0,'ProcessOn（在线协作制作结构图）',NULL),(231,'三顿PPT导航','sandunppt.com',109,'2021-01-20 08:15:59',NULL,0,'三顿PPT导航',NULL),(232,'彼岸图网','http://pic.netbian.com/',105,'2021-01-20 08:15:59',NULL,0,'彼岸图网',NULL),(233,'pixabay','https://pixabay.com/',105,'2021-01-20 08:15:59',NULL,0,'pixabay 壁纸美图网站',NULL),(235,'lcoc','http://lcoc.top/bizhi/',105,'2021-01-20 08:15:59',NULL,0,'lcoc，各种尺寸的壁纸下载',NULL),(236,'ssyer','https://www.ssyer.com/',104,'2021-01-20 08:15:59',NULL,0,'ssyer，矢量图设计与下载',NULL),(237,'极像素（超高清大图）','https://www.sigoo.com/',105,'2021-01-20 08:15:59',NULL,0,'极像素（超高清大图）',NULL),(238,'pexels','https://www.pexels.com/',105,'2021-01-20 08:15:59',NULL,0,'pexels，免费素材图片',NULL),(239,'Dimmy.club​','https://dimmy.club/',104,'2021-01-20 08:15:59',NULL,0,'Dimmy.club​，各种电脑，手机等带壳截图的外壳',NULL),(240,'在线绘图神器','https://gitmind.cn/',111,'2021-01-20 08:15:59',NULL,0,'在线绘图神器',NULL),(241,'BrowserFrame​','http://browserframe.com/',104,'2021-01-20 08:15:59',NULL,0,'BrowserFrame​，带壳截图的外壳',NULL),(242,'创客贴​','https://www.chuangkit.com/',104,'2021-01-20 08:15:59',NULL,0,'创客贴​，图片设计',NULL),(243,'crx4chrome','https://www.crx4chrome.com/',106,'2021-01-20 08:15:59',NULL,0,'crx4chrome，浏览器插件下载网',NULL),(244,'免费版权图片搜索','https://www.logosc.cn/so/',105,'2021-01-20 08:15:59',NULL,0,'免费版权图片搜索',NULL),(245,'在线工具箱Tool','https://tool.lu/',107,'2021-01-20 08:15:59',NULL,0,'在线工具箱Tool',NULL),(246,'removebg','https://www.remove.bg/zh',113,'2021-01-20 08:15:59',NULL,0,'removebg，图片背景消除无需点击，\r\n即可在 5 秒钟内 100% 自动消除背景',NULL),(247,'实用压缩工具','https://docsmall.com/',107,'2021-01-20 08:15:59',NULL,0,'实用压缩工具',NULL),(248,'奶牛快传​','https://cowtransfer.com/',113,'2021-01-20 08:15:59',NULL,0,'奶牛快传​',NULL),(249,'Flourish​','https://flourish.studio/',104,'2021-01-20 08:15:59',NULL,0,'Flourish​，数据可视化制作网站',NULL),(250,'reshot','https://www.reshot.com',113,'2021-01-20 08:15:59',NULL,0,'reshot，免费的真实照片，提升创意项目\r\n欢迎来到Reshot，一个真实的库存照片，免费使用，以提升您的下一个创意项目策划画廊',NULL),(251,'stocksnap','https://stocksnap.io/',105,'2021-01-20 08:15:59',NULL,0,'stocksnap，丰富的图片',NULL),(252,'simpledesktops','http://simpledesktops.com',105,'2021-01-20 08:15:59',NULL,0,'simpledesktops，简单的桌面壁纸',NULL),(253,'wallhaven','https://wallhaven.cc',105,'2021-01-20 08:15:59',NULL,0,'wallhaven，丰富的壁纸下载',NULL),(254,'alphacoders','https://wall.alphacoders.com?lang=Chinese',105,'2021-01-20 08:15:59',NULL,0,'alphacoders 精美的壁纸下载网站',NULL),(256,'picjumbo','https://picjumbo.com',105,'2021-01-20 08:15:59',NULL,0,'picjumbo Beautiful FREE stock photos',NULL),(257,'pupuyy','http://www.pupuyy.club/scc.html',105,'2021-01-20 08:15:59',NULL,0,'pupuyy',NULL),(258,'unsplash','https://unsplash.com',105,'2021-01-20 08:15:59',NULL,0,'unsplash',NULL),(259,'foodiesfeed','https://www.foodiesfeed.com',105,'2021-01-20 08:15:59',NULL,0,'foodiesfeed 食物图片',NULL),(260,'mkblog','http://lab.mkblog.cn/wallpaper/',105,'2021-01-20 08:15:59',NULL,0,'壁纸下载',NULL),(261,'freephotos','https://freephotos.cc/zh',105,'2021-01-20 08:15:59',NULL,0,'freephotos，即时图片下载',NULL),(262,'wallpaperscraft','https://wallpaperscraft.com',105,'2021-01-20 08:15:59',NULL,0,'wallpaperscraft，壁纸搜索，多种多样',NULL),(263,'upupoo','http://www.upupoo.com',105,'2021-01-20 08:15:59',NULL,0,'upupoo，动态桌面',NULL),(264,'anyknew','https://www.anyknew.com',103,'2021-01-20 08:15:59',NULL,0,'热点资讯网站',NULL),(265,'wikihow','https://zh.wikihow.com',113,'2021-01-20 08:15:59',NULL,0,'wikihow 互联网上最值得信赖的指南网站',NULL),(266,'炫猿导航','https://xydh.fun/',109,'2021-01-20 08:15:59',NULL,0,'炫猿导航',NULL),(267,'教程网','https://www.diyijc.com',112,'2021-01-20 08:15:59',NULL,0,'教程网',NULL),(268,'在线网站','https://www.nicetool.net',104,'2021-01-20 08:15:59',NULL,0,'在线网站',NULL),(269,'聚神铺导航','http://www.jspoo.com',109,'2021-01-20 08:15:59',NULL,0,'聚神铺',NULL),(270,'密迹搜索','https://mijisou.com',105,'2021-01-20 08:15:59',NULL,0,'密迹搜索',NULL),(271,'文献搜索','http://www.koovin.com',105,'2021-01-20 08:15:59',NULL,0,'文献搜索',NULL),(272,'ProcessOn','https://www.processon.com',104,'2021-01-20 08:15:59',NULL,0,'ProcessOn，在线设计流程图',NULL),(273,'icon在线工具','https://tool.lu/favicon/',107,'2021-01-20 08:15:59',NULL,0,'icon在线工具',NULL),(275,'程序员工具箱','https://tool.lu/',107,'2021-01-20 08:15:59',NULL,0,'程序员工具箱',NULL),(276,'转换网站','http://www.alltoall.net/',104,'2021-01-20 08:15:59',NULL,0,'转换网站',NULL),(277,'搜索网站','http://lackar.comaa/',105,'2021-01-20 08:15:59',NULL,0,'搜索网站',NULL),(278,'虫部落','http://search.chongbuluo.com',109,'2021-01-20 08:15:59',NULL,0,'虫部落',NULL),(279,'AI文章生成器','http://www.aiivip.com',113,'2021-01-20 08:15:59',NULL,0,'AI文章生成器，\r\n欢迎使用AII在线文章生成器，本网站软件采用免费的方式给大家提供一款通过关键词生成文章的工具，一款非常好用的seo文章生成神器！',NULL),(280,'无限外链相册','https://www.wailian.work/',104,'2021-01-20 08:15:59',NULL,0,'无限外链相册',NULL),(282,'免费Logo设计','http://www.uugai.com',104,'2021-01-20 08:15:59',NULL,0,'免费Logo设计',NULL),(283,'导航网站','https://www.9178.work/index.html',109,'2021-01-20 08:15:59',NULL,0,'导航网站',NULL),(285,'扩展迷','https://extfans.com',106,'2021-01-20 08:15:59',NULL,0,'扩展迷',NULL),(286,'极简插件','https://chrome.zzzmh.cn/',106,'2021-01-20 08:15:59',NULL,0,'极简插件',NULL),(287,'插件英雄榜','http://t.cn/EMLxxkU',106,'2021-01-20 08:15:59',NULL,0,'插件英雄榜',NULL),(288,'插件安装教程','http://t.cn/EtnYxIZ',112,'2021-01-20 08:15:59',NULL,0,'插件安装教程',NULL),(289,'鸵鸟搜索','http://www.tuoniao.me/',105,'2021-01-20 08:15:59',NULL,0,'鸵鸟搜索',NULL),(290,'百度网盘搜索','https://www.sopanbar.com',105,'2021-01-20 08:15:59',NULL,0,'百度网盘搜索',NULL),(291,'在线转换网址','http://www.alltoall.net/',113,'2021-01-20 08:15:59',NULL,0,'在线转换网址',NULL),(292,'办公资源','http://www.bangongziyuan.com',106,'2021-01-20 08:15:59',NULL,0,'办公资源,各种模板文件下载',NULL),(293,'newcger','https://www.newcger.com',101,'2021-01-20 08:15:59',NULL,0,'newcger 建模教程网站',NULL),(294,'c4dsky','https://c4dsky.com',101,'2021-01-20 08:15:59',NULL,0,'c4dsky C4D学习',NULL),(295,'lookae','https://www.lookae.com',101,'2021-01-20 08:15:59',NULL,0,'lookae 影视后期资源和学习',NULL),(296,'aigei','https://www.aigei.com',101,'2021-01-20 08:15:59',NULL,0,'aigei 音效资源和学习',NULL),(297,'黑科技玩机','https://www.lanzous.coms/kangshao',113,'2021-01-20 08:15:59',NULL,0,'黑科技玩机',NULL),(298,'爱达杂货铺','https:adzhp.cn',113,'2021-01-20 08:15:59',NULL,0,'爱达杂货铺',NULL),(299,'中国黑客之都','http://www.zg520.net/',110,'2021-01-20 08:15:59',NULL,0,'中国黑客之都',NULL),(300,'中国黑客同盟','http://www.hackertop.com',110,'2021-01-20 08:15:59',NULL,0,'中国黑客同盟',NULL),(301,'安全焦点','http://www.xfocus.net/',110,'2021-01-20 08:15:59',NULL,0,'安全焦点',NULL),(302,'黑色海岸','http://www.thysea.com',110,'2021-01-20 08:15:59',NULL,0,'黑色海岸',NULL),(303,'爱国者同盟','http://www.1931-9-18.org/',110,'2021-01-20 08:15:59',NULL,0,'爱国者同盟',NULL),(304,'黑棵动画吧','http://www.hack58.com',110,'2021-01-20 08:15:59',NULL,0,'黑棵动画吧',NULL),(305,'红军长征','http://www.hjcz.net/',110,'2021-01-20 08:15:59',NULL,0,'红军长征',NULL),(306,'内蒙网络','http://www.nmsafe.com',110,'2021-01-20 08:15:59',NULL,0,'内蒙网络',NULL),(307,'愚人网络','http://www.foolhome.com',110,'2021-01-20 08:15:59',NULL,0,'愚人网络',NULL),(308,'中华红黑联盟','http://hacker001.com',110,'2021-01-20 08:15:59',NULL,0,'中华红黑联盟',NULL),(309,'中国新客联盟','http://www.xker.com',110,'2021-01-20 08:15:59',NULL,0,'中国新客联盟',NULL),(310,'小凤居','http://www.chinesehack.org/down/list.asp',110,'2021-01-20 08:15:59',NULL,0,'小凤居',NULL),(311,'网嗅技术论坛','http://www.netsill.combbs/',110,'2021-01-20 08:15:59',NULL,0,'网嗅技术论坛',NULL),(312,'想飞社区','http://www.netbiao.com',110,'2021-01-20 08:15:59',NULL,0,'想飞社区',NULL),(313,'中国黑客联盟','http://www.chinahacker.com',110,'2021-01-20 08:15:59',NULL,0,'中国黑客联盟',NULL),(314,'草盟网络','http://www.caomeng.net/',110,'2021-01-20 08:15:59',NULL,0,'草盟网络',NULL),(315,'黑人网络','http://www.cnheiren.com',110,'2021-01-20 08:15:59',NULL,0,'黑人网络',NULL),(316,'蓝雪网络实验室','http://www.lanxue.cn/',110,'2021-01-20 08:15:59',NULL,0,'蓝雪网络实验室',NULL),(317,'黑客帝国','http://www.darkup.com',110,'2021-01-20 08:15:59',NULL,0,'黑客帝国',NULL),(318,'黑客联盟','http://www.chinahacker.com',110,'2021-01-20 08:15:59',NULL,0,'黑客联盟',NULL),(319,'蓝狐天峰','http://www.skyapex.net/',110,'2021-01-20 08:15:59',NULL,0,'蓝狐天峰',NULL),(320,'安全天使小组','http://www.cnse8.com',110,'2021-01-20 08:15:59',NULL,0,'安全天使小组',NULL),(321,'AD网络安全小组','http://www.chinawill.net/',110,'2021-01-20 08:15:59',NULL,0,'AD网络安全小组',NULL),(322,'芝麻黑客','http://www.zmhacker.com',110,'2021-01-20 08:15:59',NULL,0,'芝麻黑客',NULL),(323,'黑色反击','http://www.hf110.com',110,'2021-01-20 08:15:59',NULL,0,'黑色反击',NULL),(324,'紫棵网络','http://www.zk520.com',110,'2021-01-20 08:15:59',NULL,0,'紫棵网络',NULL),(325,'鹰派教育','http://www.chinawill.net/',110,'2021-01-20 08:15:59',NULL,0,'鹰派教育',NULL),(326,'暗组技术论坛','http://www.darkst.com',110,'2021-01-20 08:15:59',NULL,0,'暗组技术论坛',NULL),(327,'黑影联盟','http://www.86666.net/',110,'2021-01-20 08:15:59',NULL,0,'黑影联盟',NULL),(328,'中国奇客联盟','http://www.qiker.com',110,'2021-01-20 08:15:59',NULL,0,'中国奇客联盟',NULL),(329,'黑客安全网','http://www.hacker81.net/',110,'2021-01-20 08:15:59',NULL,0,'黑客安全网',NULL),(330,'鹤乡黑客在线','http://www.fenghome.com',110,'2021-01-20 08:15:58',NULL,0,'鹤乡黑客在线',NULL),(331,'黑色反击安全在线','http://www.hf110.com',110,'2021-01-20 08:15:59',NULL,0,'黑色反击安全在线',NULL),(332,'黑客X元素','http://www.xysky.net/',110,'2021-01-20 08:15:58',NULL,0,'黑客X元素',NULL),(333,'黑客地带','http://www.hackdiy.com',110,'2021-01-20 08:15:59',NULL,0,'黑客地带',NULL),(334,'红色军团','http://www.chra.net/',110,'2021-01-20 08:15:58',NULL,0,'红色军团',NULL),(335,'黑客技术','http://www.hackart.org/',110,'2021-01-20 08:15:59',NULL,0,'黑客技术',NULL),(336,'中华红色黑客联盟','http://hacker001.com',110,'2021-01-20 08:15:59',NULL,0,'中华红色黑客联盟',NULL),(337,'中国网络安全俱乐部','http://www.cnnsc.com.cn/',110,'2021-01-20 08:15:59',NULL,0,'中国网络安全俱乐部',NULL),(338,'20nt网络安全组','http://www.20nt.net/',110,'2021-01-20 08:15:59',NULL,0,'20nt网络安全组',NULL),(339,'2黑客','http://www.2hackers.org',110,'2021-01-20 08:15:58',NULL,0,'2黑客',NULL),(340,'红色风暴','http://www.redsec.org/',110,'2021-01-20 08:15:59',NULL,0,'红色风暴',NULL),(341,'小雨网络','http://www.haiyun.net/',110,'2021-01-20 08:15:59',NULL,0,'小雨网络',NULL),(342,'中联绿盟','http://www.nsfocus.net/',110,'2021-01-20 08:15:59',NULL,0,'中联绿盟',NULL),(343,'中国网客','http://www.chinahack.cn/',110,'2021-01-20 08:15:59',NULL,0,'中国网客',NULL),(344,'天极网络安全','http://www.yesky.comSoftChannel/723…08/index.shtml',110,'2021-01-20 08:15:59',NULL,0,'天极网络安全',NULL),(345,'吾爱破解','https://www.52pojie.cn/',113,'2021-01-20 08:15:59',NULL,0,'吾爱破解',NULL),(346,'smart-admin','https://gitee.com/lab1024/smart-admin',111,'2021-01-20 08:15:59',NULL,0,'smart-admin',NULL),(347,'litemall','https://gitee.com/linlinjava/litemall',111,'2021-01-20 08:15:59',NULL,0,'litemall',NULL),(348,'Timo','https://gitee.com/aun/Timo',111,'2021-01-20 08:15:59',NULL,0,'Timo',NULL),(349,'mall4j','https://gitee.com/gz-yami/mall4j',111,'2021-01-20 08:15:59',NULL,0,'mall4j',NULL),(350,'web-flash','https://gitee.com/enilu/web-flash',111,'2021-01-20 08:15:58',NULL,0,'SpringBoot项目web-flash',NULL),(351,'SPTools','https://gitee.com/52itstyle/SPTools',111,'2021-01-20 08:15:58',NULL,0,'SPTools',NULL),(352,'springcloud-learning','https://github.com/macrozheng/springcloud-learning',111,'2021-01-20 08:15:59',NULL,0,'springcloud学习项目',NULL),(353,'mall-swarm','https://github.com/macrozheng/mall-swarm',111,'2021-01-20 08:15:59',NULL,0,'电商项目mall-swarm',NULL),(354,'AhMyth-Android-RAT','https://github.com/AhMyth/AhMyth-Android-RAT',111,'2021-01-20 08:15:59',NULL,0,'监控基础项目 ',NULL),(355,'VirtualAPK','https://github.com/didi/VirtualAPK',111,'2021-01-20 08:15:59',NULL,0,'插件化项目 ',NULL),(356,'Leoric','https://github.com/tiann/Leoric',111,'2021-01-20 08:15:59',NULL,0,'保活项目 ',NULL),(357,'Python进阶教程 ','https://pan.baidu.com/s/1M6csmEYIy8MIV8KARXI-7w#list/path=%2F',112,'2021-01-20 08:15:59',NULL,0,'Python进阶教程 ',NULL),(358,'人人项目','https://github.com/renrenio/renren-fast-vue',111,'2021-01-20 08:15:59',NULL,0,'人人项目',NULL),(359,'Vue-Manager ','https://github.com/lin-xin/vue-manage-system',111,'2021-01-20 08:15:59',NULL,0,'vue项目',NULL),(360,'芋道商城','https://github.com/YunaiV/onemall',111,'2021-01-20 08:15:58',NULL,0,'GitHub上的芋道商城源码',NULL),(361,'SpringBoot-Labs','https://github.com/YunaiV/SpringBoot-Labs',111,'2021-01-20 08:15:58',NULL,0,'芋道SpringBoot学习教程 ',NULL),(362,'jeecg-boot 代码生成器','https://github.com/zhangdaiscott/jeecg-boot',111,'2021-01-20 08:15:58',NULL,0,'基于代码生成器的低代码平台，超越传统商业平台！前后端分离架构SpringBoot 2.x，SpringCloud，Ant Design&Vue，Mybatis-plus，Shiro，JWT。强大的代码生成器让前后端代码一键生成，无需写任何代码! 引领新低代码开发模式OnlineCoding->代码生成->手工MERGE，帮助Java项目解决70%重复工作，让开发更关注业务，既能快速提高开发效率，帮助公司节省成本，同时又不失灵活性',NULL),(363,'erp项目 ','https://github.com/white211/erp',111,'2021-01-20 08:15:58',NULL,0,'erp项目 ',NULL),(364,'Jeebase ','https://github.com/wmz1930/Jeebase',111,'2021-01-20 08:15:58',NULL,0,'Jeebase ',NULL),(365,'kitty','https://gitee.com/liuge1988/kitty',111,'2021-01-20 08:15:58',NULL,0,'Kitty',NULL),(366,'kitty-ui',' https://gitee.com/liuge1988/kitty-ui',111,'2021-01-20 08:15:58',NULL,0,'kitty-ui',NULL),(367,'Kitty代码生成器',' https://gitee.com/liuge1988/kitty-generator',111,'2021-01-20 08:15:58',NULL,0,'Kitty代码生成器',NULL),(368,'SpringBoot案例演示 ','https://gitee.com/liuge1988/spring-boot-demo ',111,'2021-01-20 08:15:58',NULL,0,'SpringBoot案例演示 ',NULL),(369,'SpringCloud案例演示 ','https://gitee.com/liuge1988/spring-cloud-demo',111,'2021-01-20 08:15:59',NULL,0,'SpringCloud案例演示 ',NULL),(370,'若依项目 ','https://gitee.com/y_project',111,'2021-01-20 08:15:59',NULL,0,'若依管理系统',NULL),(371,'SpringCloud脚手架 ','http://gitee.com/geek_qi/cloud-platform',111,'2021-01-20 08:15:59',NULL,0,'SpringCloud脚手架',NULL),(372,'cim','https://gitee.com/farsunset/cim',111,'2021-01-20 08:15:59',NULL,0,'一款Java开源的Springboot 即时通讯 IM 聊天系统 ',NULL),(373,'pig','https://gitee.com/log4j/pig',111,'2021-01-20 08:15:59',NULL,0,'SpringBoot快速开发脚手架',NULL),(374,'pig-ui','https://gitee.com/log4j/pig-ui',111,'2021-01-20 08:15:59',NULL,0,'pig-ui',NULL),(375,'pig文档地址','https://www.yuque.com/pig4cloud/pig',111,'2021-01-20 08:15:59',NULL,0,'pig文档地址',NULL),(376,'pig官网','https://pig4cloud.com/',111,'2021-01-20 08:15:59',NULL,0,'pig官网',NULL),(377,'HC小区后端代码',' https://gitee.com/wuxw7/MicroCommunity',111,'2021-01-20 08:15:59',NULL,0,'HC小区后端代码',NULL),(378,'HC小区前端代码 ','https://gitee.com/java110/MicroCommunityWeb',111,'2021-01-20 08:15:59',NULL,0,'HC小区前端代码 ',NULL),(379,'HC智慧家庭（业主版）',' https://gitee.com/java110/WechatOwnerService',111,'2021-01-20 08:15:59',NULL,0,'HC智慧家庭（业主版）',NULL),(380,'HC掌上物业（物业版uni-app） ','https://gitee.com/java110/PropertyApp',111,'2021-01-20 08:15:59',NULL,0,'HC掌上物业（物业版uni-app） ',NULL),(381,'nice-blog-sys','https://gitee.com/KiWiPeach/nice-blog-sys.git',111,'2021-01-20 08:15:59',NULL,0,'博客项目 (nice-blog-sys)',NULL),(382,'Base-Admin ','https://gitee.com/huanzi-qch/base-admin',111,'2021-01-20 08:15:59',NULL,0,'Base-Admin 脚手架开发',NULL),(383,'Java面试 ','https://github.com/OUYANGSIHAI/JavaInterview.git',111,'2021-01-20 08:15:59',NULL,0,'Java面试 ',NULL),(384,'cloud-platform','https://juejin.im/post/6875998121802301453',111,'2021-01-20 08:15:59',NULL,0,'基于Spring Cloud微服务化开发平台Cloud-Platform\n视频：https://www.bilibili.com/video/BV1SD4y1o7cN/\n',NULL),(385,'cloud-platform 图文','https://juejin.im/post/6875998121802301453 ',111,'2021-01-20 08:15:59',NULL,0,'cloud-platform 图文',NULL),(386,'cloud-platform视频','https://www.bilibili.com/video/BV1SD4y1o7cN/',111,'2021-01-20 08:15:59',NULL,0,'cloud-platform视频',NULL),(387,'Guns  图文：','Guns  图文：',111,'2021-01-20 08:15:59',NULL,0,'Guns  图文：',NULL),(388,'Guns  图文','https://juejin.im/post/6875516367706177550',111,'2021-01-20 08:15:59',NULL,0,'Guns  图文',NULL),(389,'Guns  视频','https://www.bilibili.com/video/BV1P5411j7yA/',111,'2021-01-20 08:15:59',NULL,0,'Guns  视频',NULL),(390,'bootshiro  图文','https://juejin.im/post/6844904023678533639',111,'2021-01-20 08:15:59',NULL,0,'bootshiro  图文',NULL),(391,'vueblog  图文','https://juejin.im/post/6844903823966732302',111,'2021-01-20 08:15:59',NULL,0,'vueblog  图文',NULL),(392,'vueblog视频','https://www.bilibili.com/video/BV1PQ4y1P7hZ/',111,'2021-01-20 08:15:59',NULL,0,'vueblog视频',NULL),(393,'miaosha  图文','https://juejin.im/post/6876312532965916679/',111,'2021-01-20 08:15:59',NULL,0,'秒杀系统',NULL),(394,'eblog  图文','https://juejin.im/post/6844904176938385421',111,'2021-01-20 08:15:59',NULL,0,'eblog  图文：',NULL),(395,'eblog视频','https://www.bilibili.com/video/BV1ri4y1x71A/',111,'2021-01-20 08:15:59',NULL,0,'eblog视频',NULL),(396,'PPT超级市场',' http://ppt.sotary.com/web/wxapp',106,'2021-01-20 08:15:59',NULL,0,'PPT超级市场',NULL),(397,'EBOOK电子书下载 ','https://ebook.ipfs-lab.com',102,'2021-01-20 08:15:59',NULL,0,'支持出版书籍搜索 ',NULL),(398,'文字转语音网站 ','http://www.51taojinge.com/include/voice/voice.php',104,'2021-01-20 08:15:59',NULL,0,'这是一个几乎完全免费的文字转语音网站，可以将你编辑好的文字内容，直接粘贴进去，可以免费选择33种人声，转完之后是mp3格式。',NULL),(399,'Social Girls ','https://socialgirls.im',105,'2021-01-20 08:15:59',NULL,0,'Social Girls  Girls\' photos from Social Media',NULL),(400,'菜鸟教程','https://www.runoob.com/',112,'2021-01-20 08:15:59',NULL,0,'菜鸟教程',NULL),(401,'易百教程','https://www.yiibai.com/ ',112,'2021-01-20 08:15:59',NULL,0,'内容比较全面的在线教程网站。',NULL),(402,'码农教程','http://www.manongjc.com/ ',112,'2021-01-20 08:15:59',NULL,0,'大量IT编程入门教程(JAVA, PHP, JAVASCRIPT, C, C++, HTML, CSS等)。',NULL),(403,'简单教程','https://www.twle.cn/ ',112,'2021-01-20 08:15:59',NULL,0,'大量IT编程入门教程(前端、移动端、Java、.net等)。',NULL),(404,'Break易站','https://www.breakyizhan.com/ ',104,'2021-01-20 08:15:59',NULL,0,'比较多的编程教程(Java、前端、服务端部署等)',NULL),(405,'C语言中文网','http://c.biancheng.net/ ',104,'2021-01-20 08:15:59',NULL,0,'以C语言为主，也包含数据结构、C++、Linux等。',NULL),(406,'实验楼','https://www.lanqiao.cn/courses/ ',104,'2021-01-20 08:15:59',NULL,0,'IT技术课程网站。',NULL),(407,'书栈网','https://www.bookstack.cn/ ',102,'2021-01-20 08:15:59',NULL,0,'一个开源书籍和文档分享站点。',NULL),(408,'牛客网',' https://www.nowcoder.com/',104,'2021-01-20 08:15:59',NULL,0,'一个联网求职学习交流社区。刷题好地方',NULL),(409,'配色网站（双色调）','https://duotones.co/ ',104,'2021-01-20 08:15:59',NULL,0,'配色网站（双色调）',NULL),(410,'配色网站（渐变色）','https://uigradients.com/#Flickr ',104,'2021-01-20 08:15:59',NULL,0,'配色网站（渐变色）',NULL),(411,'配色网站(中国色)','http://zhongguose.com/',104,'2021-01-20 08:15:58',NULL,0,'配色网站(中国色)',NULL),(412,'配色网站（配色网）','https://webgradients.com/',104,'2021-01-20 08:15:58',NULL,0,'配色网站（配色网）',NULL),(413,'配色网站（colorfavs）','http://www.colorfavs.com/',104,'2021-01-20 08:15:58',NULL,0,'配色网站（colorfavs）',NULL),(414,'配色网站（颜色搭配）','https://colorsupplyyy.com/',104,'2021-01-20 08:15:58',NULL,0,'配色网站（颜色搭配）',NULL),(415,'配色网站（designseeds）','https://www.design-seeds.com/ ',104,'2021-01-20 08:15:59',NULL,0,'配色网站（designseeds）',NULL),(416,'配色网站（插图库）','https://www.manypixels.co/',104,'2021-01-20 08:15:59',NULL,0,'配色网站（插图库）',NULL),(417,'th_sjy 专注软件汉化','http://www.th-sjy.com/',112,'2021-01-20 08:15:59',NULL,0,'专注汉化的',NULL),(418,'NewCGer','www.newcger.com',104,'2021-01-20 08:15:59',NULL,0,'NewCGer',NULL),(420,'爱给网','www.aigei.com',112,'2021-01-20 08:15:59',NULL,0,'爱给网',NULL),(421,'书生汉化网','https://c4dsky.com/',103,'2021-01-20 08:15:59',NULL,0,'包含各种AE剪辑资源',NULL),(422,'大众脸','www.lookae.com',112,'2021-01-20 08:15:59',NULL,0,'大众脸',NULL),(423,'岁月','http://www.syue.com',110,'2021-01-20 08:15:59',NULL,0,'岁月',NULL),(424,'芋艿mall','https://github.com/YunaiV/onemall',111,'2021-01-22 03:51:34',NULL,0,'芋艿商城',NULL),(426,'股票系统','https://github.com/pythonstock/stock',111,'2021-01-26 09:35:52',NULL,0,'使用python进行开发的股票分析系统',NULL),(427,'AI算法项目','https://github.com/PaddlePaddle/PaddleX',111,'2021-01-26 09:40:02',NULL,0,'AI 项目自动训练',NULL),(428,'mall','https://github.com/macrozheng/mall',111,'2021-01-30 06:35:16',NULL,0,'mall，完整的电商系统',NULL),(429,'mall学习教程','https://github.com/macrozheng/mall-learning',107,'2021-01-30 06:36:17',NULL,0,'mall电商项目的学习教程',NULL),(430,'mall-tinty','https://github.com/macrozheng/mall-tiny',111,'2021-01-30 06:37:03',NULL,0,'mall电商项目开发脚手架',NULL),(431,'piggy微服务开发脚手架','https://github.com/sqshq/piggymetrics',111,'2021-01-30 06:38:35',NULL,0,'Piggy Metrics是一个基于Spring Boot, Spring Cloud和Docker等技术实现的微服务脚手架，项目包含了：API网关、服务发现、负载均衡、熔断机制、配置中心、监控服务、认证服务等几大微服务项目基本模块，对学习和练手微服务项目是不错的选择',NULL),(432,'Cloud-Platform',' https://gitee.com/geek_qi/cloud-platform',111,'2021-01-30 06:39:12',NULL,0,'Cloud-Platform是国内首个基于Spring Cloud的微服务开发平台，具有统一授权、认证后台管理系统，其中包含具备用户管理、资源权限管理、网关API 管理等多个模块，支持多业务系统并行开发，可以作为后端服务的开发脚手架。代码简洁，架构清晰，适合学习和直接项目中使用',NULL),(433,'XMall商城','https://github.com/Exrick/xmall',111,'2021-01-30 06:39:50',NULL,0,'XMall是一个基于SOA架构的分布式电商购物商城，并且前后端分离。包括如下几大模块',NULL),(434,'JeeSite','  https://github.com/thinkgem/jeesite',111,'2021-01-30 06:45:04',NULL,0,'JeeSite 是一个 Java EE 企业级快速开发平台，基于经典技术组合（Spring Boot、Spring MVC、Apache Shiro、MyBatis、Beetl、Bootstrap、AdminLTE）采用经典开发模式，让初学者能够更快的入门并投入到团队开发中去。在线代码生成功能，包括核心模块如：组织机构、角色用户、菜单及按钮授权、数据权限、系统参数、内容管理、工作流等。采用松耦合设计；界面无刷新，一键换肤；众多账号安全设置，密码策略；在线定时任务配置；支持集群，支持SAAS；支持多数据源；支持微服务',NULL),(435,'在线教育系统','https://gitee.com/springmeng/edu-System',111,'2021-01-30 06:46:07',NULL,0,'   springmeng / 基于springboot+layui的在线教育平台系统',NULL),(436,'花瓣','https://huaban.com/favorite/beauty/',105,'2021-01-30 08:06:13',NULL,0,'花瓣，陪你做生活的设计师\r\n现在每天超过 100 万专业设计师和生活的设计师们使用花瓣浏览器采集工具从全球网站采集超过 200 万灵感图片，在花瓣上线以来，已有超过 20 亿的采集被数千万花瓣用户采集到花瓣上，他们是花瓣真正的创造者',NULL),(437,'明星图片','http://mm.sasaone.com/index.html',115,'2021-01-30 08:10:27',NULL,0,'全网各种明星美女图',NULL),(438,'SpringSecurity 教程','http://itboyhub.com/category/springsecurity/',107,'2021-01-30 09:33:31',NULL,0,'SpringSecurity 教程，全面了解Security',NULL),(439,'el-admin','https://gitee.com/elunez/eladmin',111,'2021-01-30 09:37:50',NULL,0,'el-admin 项目教程 ,SpringBoot 项目开发模板',NULL),(440,'年会抽奖系统','http://github.com/dungang/lucky-lottery.git',111,'2021-01-30 09:41:14',NULL,0,'抽奖小系统',NULL),(441,'聚惠星商城 dts-shop','https://gitee.com/qiguliuxing/dts-shop',111,'2021-01-30 09:42:55',NULL,0,'聚惠星商城 DTS-SHOP，基于 微信小程序 + springboot + vue 技术构建 ，支持单店铺，多店铺入驻的商城平台。项目包含 微信小程序，管理后台。基于java后台语言，已功能闭环，且达到商用标准的一套项目体系',NULL),(442,'erupt 代码自动生成','https://gitee.com/erupt/erupt',108,'2021-01-30 09:45:44',NULL,0,'使用 Java 注解，快速开发 Admin 管理后台。零前端代码、零 CURD、不生成任何代码、自动建表、注解式API，支持所有主流数据库，支持自定义页面，支持多数据源，提供二十几类业务组件，十几种展示形式，支持逻辑删除，动态定时任务，前端后端分离等',NULL),(443,'linux 命令大全','https://github.com/jaywcjlove/linux-command',111,'2021-02-01 07:02:05',NULL,0,'Linux命令大全搜索工具，内容包含Linux命令手册、详解、学习、搜集。',NULL),(444,'Awesome-Linux-Software','https://github.com/luong-komorebi/Awesome-Linux-Software',112,'2021-02-01 07:02:43',NULL,0,'这个开源项目适用于所有人员，主要内容包含：Linux 应用程序、命令行应用程序、桌面环境、窗口管理器等多种软件工具和其他资料的列表集合，可以说内容是非常的丰富',NULL),(445,'linuxtools_rst','https://linuxtools-rst.readthedocs.io/zh_CN/latest/',112,'2021-02-01 07:04:32',NULL,0,'专注于 Linux 工具最常用的用法并希望读者能够应用到实际工作中。\n\n主要内容包含：Linux 基础（命令、文件与目录管理、文本处理、磁盘 / 进程管理、性能监控、网络工具）、Linux 工具进阶（程序构建、调试、优化）、工具参考等',NULL),(446,'linuxupskillchallenge','https://github.com/snori74/linuxupskillchallenge',112,'2021-02-01 07:05:12',NULL,0,'这个开源项目是一份开源的 Linux 服务器管理教程，主要包括 20 课的所有源材料，该课程可以让开发者在通过一个月时间快速掌握 Linux 基础使用技巧',NULL),(447,'TLCL','https://github.com/billie66/TLCL',112,'2021-02-01 07:06:00',NULL,0,'快乐的 Linux 命令行，主要内容包含：Shell、配置文件和Shell环境、常见任务和基本工具、编写 Shell 脚本（if、while、case、for 语句）等；',NULL),(448,'Python-100-Days',' https://github.com/jackfrued/Python-100-Days',112,'2021-02-01 07:08:11',NULL,0,'Python - 100天从新手到大师',NULL),(449,'Python-Core-50-Courses','https://github.com/jackfrued/Python-Core-50-Courses',112,'2021-02-01 07:08:32',NULL,0,'Python 语言基础50课',NULL),(450,'微同商城','https://gitee.com/fuyang_lipengjun/platform#https://www.bilibili.com/video/av66149752',114,'2021-02-01 07:14:48',NULL,0,'微同电商项目',NULL),(451,'Spring教程','https://mp.weixin.qq.com/s/bUu74kIwer4HSyurBufpDw',101,'2021-02-01 07:37:52',NULL,0,'Spring一整套的学习教程',NULL),(452,'常用的Linux命令','https://mp.weixin.qq.com/s/3Fsuv2pTaxrOPUU03Zm9ZA',101,'2021-02-01 07:40:01',NULL,0,'常见的Linux命令',NULL),(453,'docker_practice','https://github.com/yeasy/docker_practice',101,'2021-02-01 08:43:19',NULL,0,'docker 入门教程',NULL),(454,'AI on Edge','https://github.com/didi/aoe',111,'2021-02-02 01:26:13',NULL,0,'AoE 取名自AI on Edge，是一个终端侧AI集成运行时环境(IRE)。AoE 以“稳定性、易用性、安全性”为设计原则，帮助开发者将不同框架的深度学习算法轻松部署到终端高效执行。',NULL),(455,'Athena','https://github.com/didi/athena',111,'2021-02-02 01:26:51',NULL,0,'Athena是端到端自动语音识别（ASR）引擎的开源实现。目前，该项目支持基于连接器时间分类（CTC）的模型，基于变压器的编解码器模型和基于混合CTC /注意的模型以及基于MPC的无监督预转换的训练和解码。我们的愿景是增强语音识别的端到端模型的工业应用和学术研究。为了使所有人都能使用ASR，我们还发布了一些示例示例，这些示例实现基于一些开源数据集，例如HKSUT，Librispeech我们所有的模型都在Tensorflow> = 2.0.0中实现。',NULL),(456,'ChineseNLP','https://github.com/didi/ChineseNLP',111,'2021-02-02 01:27:15',NULL,0,'中文自然语言处理（NLP）的相关链接：数据集和最新结果。',NULL),(457,'滴滴开源项目','https://mp.weixin.qq.com/s/i1PBs6-CoOo728DB8fs85A',111,'2021-02-02 01:29:54',NULL,0,'滴滴的开源项目统计',NULL),(458,'科幻桌面','https://github.com/GitSquared/edex-ui',113,'2021-02-02 01:31:17',NULL,0,'打造自己的科幻桌面',NULL),(459,'Vue3学习教程','https://mp.weixin.qq.com/s?__biz=Mzg2NjI5NDcyOQ==&mid=2247484422&idx=1&sn=701cb25db4652985b70b70359411b311&chksm=ce4c4aa0f93bc3b652e3cc3f3ac70a68daa8d11fcc1bf281dc8ae0530d8bddc8acb2271c9c18&scene=132#wechat_redirect',101,'2021-02-02 01:47:35',NULL,0,'关于Vue3的学习教程',NULL),(460,'scrcpy投屏软件','https://github.com/Genymobile/scrcpy',113,'2021-02-02 01:49:08',NULL,0,'USB连接即可进行收集投屏',NULL),(461,'scrcpy-gui','https://github.com/Tomotoes/scrcpy-gui/releases',113,'2021-02-02 01:50:06',NULL,0,'scrcpy 投屏软件的小工具',NULL),(462,'newbee-mall-vue3-app','https://github.com/newbee-ltd/newbee-mall-vue3-app\n',111,'2021-02-02 01:53:59',NULL,0,'Vue3开发的电商系统',NULL),(463,'30-seconds-of-code','https://github.com/30-seconds/30-seconds-of-code',111,'2021-02-02 01:56:54',NULL,0,'30s JavaScript小技巧代码收集',NULL),(464,'ES6入门教程','https://es6.ruanyifeng.com/',101,'2021-02-02 01:58:26',NULL,0,'学习ES6 的语法',NULL),(465,'JavaScript教程','https://wangdoc.com/javascript/\n',101,'2021-02-02 01:58:58',NULL,0,'JavaScript教程',NULL),(466,'TypeScript 入门教程','https://ts.xcatliu.com',101,'2021-02-02 02:00:03',NULL,0,'从 JavaScript 程序员的角度总结思考，循序渐进的理解 TypeScript。',NULL),(467,'YesPlayMusic – 高颜值第三方网易云','https://github.com/qier222/YesPlayMusic',113,'2021-02-02 02:01:16',NULL,0,'YesPlayMusic是一款第三方的网易云PC播放器，颜值较高，能登录网易云的账号。',NULL),(468,'PaddleX ','https://github.com/PaddlePaddle/PaddleX',107,'2021-02-02 07:46:00',NULL,0,'PaddleX 拥有可视化开发界面 demo，不写代码也可以完成 AI 算法训练！适配 Windows、Mac、Linux 三个系统，一键下载、绿色安装！',NULL),(469,'stock-股票分析','https://github.com/pythonstock/stock',108,'2021-02-02 08:15:26',NULL,0,'python编写的股票分析系统',NULL),(470,'tabler','https://github.com/tabler/tabler',111,'2021-02-02 08:19:11',NULL,0,'构建在 BootStrap 4 之上的免费的 HTML 控制面板框架',NULL),(471,'vue-element-admin','https://github.com/PanJiaChen/vue-element-admin',111,'2021-02-02 08:19:36',NULL,0,'一个基于 vue2.0 和 Eelement 的控制面板 UI 框架。',NULL),(472,'gentelella','https://github.com/puikinsh/gentelella',111,'2021-02-02 08:20:01',NULL,0,'一个基于 Bootstarp 的免费的后台控制面板。',NULL),(473,'ant-design-pro','https://github.com/ant-design/ant-design-pro',111,'2021-02-02 08:20:29',NULL,0,'ant-design-pro',NULL),(474,'iview-admin','https://github.com/iview/iview-admin',111,'2021-02-02 08:20:56',NULL,0,'基于 iView 的 Vue 2.0 控制面板。',NULL),(475,'material-dashboard','https://github.com/creativetimofficial/material-dashboard',111,'2021-02-02 08:21:19',NULL,0,'基于 Bootstrap 4 和 Material 风格的控制面板。',NULL),(476,'EuiAdmin','https://gitee.com/zishuimuyu/euiAdmin',111,'2021-02-02 08:23:19',NULL,0,'EuiAdmin是基于Vue+Element等组件联合开发的一个免费的开源后台，你可以通过（euiadmin.com）进行下载和体验，此后台免费开源，你可以直接可以免费使用。',NULL),(477,'微人事/vhr','https://gitee.com/lenve/vhr',112,'2021-02-02 08:23:55',NULL,0,'Spring Boot + Vue 前后端分离的人力资源管理项目，可做常规企业级应用脚手架',NULL),(478,'V部落','https://gitee.com/lenve/VBlog',111,'2021-02-02 08:24:47',NULL,0,'V部落，Vue+SpringBoot实现的多用户博客管理平台!',NULL),(479,'常见开发配置','https://gitee.com/lenve/javaboy-code-samples',112,'2021-02-02 08:25:47',NULL,0,'SpringBoot  Vue 常见开发配置',NULL),(480,'JustAuth','https://gitee.com/yadong.zhang/JustAuth',113,'2021-02-02 08:34:20',NULL,0,'小而全而美的第三方登录开源组件。目前已支持Github、Gitee、微博、钉钉、百度、Coding、腾讯云开发者平台、OSChina、支付宝、QQ、微信、淘宝、Google、Facebook、抖音、领英、小米、微软、今日头条、Teambition、StackOverflow、Pinterest、人人、华为、企业微信、酷家乐、Gitlab、美团、饿了么和推特等第三方平台的授权登录。 Login, so easy!',NULL),(481,'one Blog','https://gitee.com/yadong.zhang/DBlog',111,'2021-02-02 08:40:05',NULL,0,'OneBlog，一个简洁美观、功能强大并且自适应的Java博客',NULL),(482,'katacoda','https://katacoda.com/',104,'2021-02-02 08:45:54',NULL,0,'Katacoda 的话主要是提供了很多开箱即用的实时交互式的环境，比如 Linux、Docker、K8s、Go、R、Jenkins、Tensorflow、等等。',NULL),(483,'学之思在线考试系统','https://github.com/mindskip/xzs',111,'2021-02-02 15:22:09',NULL,0,'这个项目是是一款 Spring 技术栈 + Vue.js 的前后端分离的考试系统，分为学生端、用户端、小程序端，能覆盖到 PC 和移动端。。界面美观、设计友好、代码结构清晰，即使是应届生找工作，这个项目也是不错的练手手项目。并且支持多种部署方式：集成部署、前后端分离部署、docker部署。',NULL),(484,'在线考试系统','github.com/19920625lsg/spring-boot-online-exam',111,'2021-02-02 15:23:16',NULL,0,'这个项目后端采用 Spring Boot + JPA + Swagger2 + JWT 技术栈，前端使用 Vue + AntDesign 技术。都是在线考试系统',NULL),(485,'外卖系统','gitee.com/microapp/flash-waimai',111,'2021-02-02 15:23:49',NULL,0,'一个完整的外卖系统，包括手机端，后台管理。基于 Spring Boot 和 Vue 的前后端分离的外卖系统，包含完整的手机端，后台管理功能。',NULL),(486,'电影院选座系统','https://gitee.com/bysj2021/cinema',111,'2021-02-02 15:24:12',NULL,0,'开发技术 : Spring MVC + Spring + MyBatis 框架，MySQL数据库。支付宝沙箱支付 LayUI 百度 Echarts 图表 Redis 缓存中间件。特色：支付、可视化、智能选座等。',NULL),(487,'秀视频','https://github.com/RAOE/show-videos',111,'2021-02-02 15:25:14',NULL,0,'这个项目是一个短视频社交小程序，系统包括用户端和后台管理端。用户可以在小程序上发布自己的短视频，并且经过我们的平台加入滤镜或者背景音乐制作出独具特色的短视频。具备点赞、评论、下载、分享、转发等功能。',NULL),(488,'吴恩达机器学习','www.bilibili.com/video/BV164411b7dx',101,'2021-02-02 15:25:58',NULL,0,'吴恩达机器学习',NULL),(489,'机器学习教程','https://coding.imooc.com/class/169.html',101,'2021-02-02 15:26:10',NULL,0,'机器学习教程',NULL),(490,'吴恩达深度学习','www.bilibili.com/video/BV164411m79z',101,'2021-02-02 15:26:29',NULL,0,'吴恩达深度学习',NULL),(491,'Tensorflow实战','https://www.bilibili.com/video/BV1Zt411T7zE',101,'2021-02-02 15:27:24',NULL,0,'Tensorflow实战',NULL),(492,'请按分析','https://github.com/20100507/emotional_analysis',101,'2021-02-02 15:27:49',NULL,0,'基于机器学习的商品评论情感分析，使用 Selenium 模拟真实登录行为，爬取数据。使用 jieba 分词，分类模型采用机器学习算法SVM 和深度学习算法 LSTM。',NULL),(493,'生成对抗网络','https://www.bilibili.com/video/BV1Up411R7Lk',101,'2021-02-02 15:28:44',NULL,0,'目前比较火的就是通过生成对抗网络(GAN)来做，GAN是一项非常有意思的技术，包括换脸，一键换（tuo）衣等等',NULL),(494,'Pytorch官方生成对抗网络范例代码：','https://pytorch.org/tutorials/beginner/dcgan_faces_tutorial.html',101,'2021-02-02 15:29:22',NULL,0,'Pytorch官方生成对抗网络范例代码：',NULL),(495,'人脸属性操控','https://github.com/csmliu/STGAN',101,'2021-02-02 15:29:39',NULL,0,'人脸属性操控',NULL),(496,'图像风格迁移','https://github.com/junyanz/CycleGAN',101,'2021-02-02 15:29:52',NULL,0,'图像风格迁移',NULL),(497,'电影推荐系统','https://github.com/LuckyZXL2016/Movie_Recommend',111,'2021-02-02 15:30:30',NULL,0,'本次项目是基于大数据过滤引擎的电影推荐系统，包含了爬虫、电影网站（前端和后端）、后台管理系统以及推荐系统（Spark）。',NULL),(498,'新闻推荐系统','https://github.com/luochana/News_recommend',111,'2021-02-02 15:30:56',NULL,0,'本项目是基于大数据计算引擎的新闻推荐系统，包含了爬虫，新闻网站（前端和后端），推荐系统（Spark）今日小站是基于 Spring Boot 框架搭建的 Web 项目，用户在网站完成注册登录后，网站会记录用户的浏览行为。同时网站也会把推荐结果呈现给用户。',NULL),(499,'新闻网实时大数据项目','https://github.com/LuckyZXL2016/News_Spark',101,'2021-02-02 15:31:43',NULL,0,'这是一个基于 Spark2.x 新闻网大数据实时分析可视化系统项目，本次项目是基于企业大数据经典案例项目（大数据日志分析），全方位、全流程讲解大数据项目的业务分析、技术选型、架构设计、集群规划、安装部署、整合继承与开发和web可视化交互设计。\n主要业务包括，捕获用户浏览日志信息、实时分析前20名流量最高的新闻话题、实时统计当前线上已曝光的新闻话题、统计哪个时段用户浏览量最高。',NULL),(500,'最代码','http://www.zuidaima.com/',104,'2021-02-02 15:32:31',NULL,0,'最代码，要收费',NULL),(501,'开源社区','https://github.com/Qbian61/forum-java',111,'2021-02-04 01:27:08',NULL,0,'这个项目叫做「forum-java」，是一款用 Java（spring boot） 实现的现代化社区（论坛 / 问答 / BBS / 社交网络 /博客）系统平台。',NULL),(502,'java电子书集合','https://github.com/javadevbooks/books',101,'2021-02-04 01:37:00',NULL,0,'java电子书集合',NULL),(503,'图集谷','https://www.tujigu.com/',108,'2021-02-08 02:50:12',NULL,0,'做最优秀的女神写真集网站！',NULL),(504,'手机投屏GUI','https://pan.baidu.com/s/16h6Am0YTDSBKWB33TXqVhQ',108,'2021-02-08 03:15:22',NULL,0,'链接: https://pan.baidu.com/s/16h6Am0YTDSBKWB33TXqVhQ 提取码: k3t8 ',NULL),(505,'Pear Admin','https://gitee.com/pear-admin',114,'2021-02-22 02:09:43',NULL,0,'一款高颜值的 Spring Boot 快速开发框架',NULL),(506,'forum-java','https://gitee.com/kgduyjjnest/forum-java?_from=gitee_search',114,'2021-02-22 02:13:51',NULL,0,'一款基于 Spring Boot 的现代化社区（论坛/问答/社交网络/博客）',NULL),(507,'开源代码备份','https://gitee.com/organizations/kgduyjjnest/projects',111,'2021-02-22 02:14:31',NULL,0,'开源代码备份',NULL),(508,'QuickCut','https://wwe.lanzous.com/b015n2n5a',113,'2021-02-22 02:37:05',NULL,0,'Quick Cut 是一款轻量、强大、好用的视频处理软件。它是一个轻量的工具，而不是像 Davinci Resolve、Adobe Premiere 那样专业的、复杂的庞然大物。Quick Cut 可以满足普通人一般的视频处理需求：压缩视频、转码视频、倒放视频、合并片段、根据字幕裁切片段、自动配字幕、自动剪辑……https://wwe.lanzous.com/b015n2n5a 密码:f4t3',NULL),(509,'热门极速下载','https://gitee.com/mirrors_trending',112,'2021-02-22 02:38:44',NULL,0,'热门极速下载',NULL),(510,'剪映-Windows版本','https://www.ghpym.com/jianying.html',113,'2021-02-22 02:53:10',NULL,0,'剪映Pro v1.0 绿色精简版',NULL),(511,'Dream CMS( 梦想家内容发布系统)','https://gitee.com/isoftforce/dreamer_cms',114,'2021-02-22 03:13:20',NULL,0,'Dreamer CMS 梦想家内容发布系统是国内首款java开发的内容发布系统，采用最流行的springboot+thymeleaf框架搭建，灵活小巧，配置简单。标签化建站：不需要专业的后台开发技能，只要使用系统提供的标签，就能轻松建设网站。',NULL),(512,'Tinytask鼠标工具','http://www.dayanzai.me/tinytask.html',113,'2021-02-27 07:08:50',NULL,0,'Tinytask鼠标工具',NULL),(513,'随机头像。可接入项目','https://multiavatar.com/',114,'2021-03-01 03:50:50',NULL,0,'一个非常强大的随机头像生成器！',NULL),(514,'list-of-wechat-mini-program-list','https://github.com/JackonYang/list-of-wechat-mini-program-list',114,'2021-03-01 03:51:59',NULL,0,'开源微信小程序列表的列表、有赚钱能力的小程序开源代码。',NULL),(515,'yshop意象商城系统','https://gitee.com/guchengwuyue/yshopmall?_from=gitee_search',114,'2021-03-01 03:54:38',NULL,0,'基于 SpringBoot2 + MybatisPlus 的商城管理系统',NULL),(516,'Java 文件在线预览项目','https://gitee.com/52itstyle/SPTools',114,'2021-03-01 03:55:27',NULL,0,'基于 OpenOffice 服务将文件 (.doc、.docx、.xls、.ppt) 转化为pdf、html格式，然后直接在浏览器渲染输出。',NULL),(517,'SuperMarket(商城)','github.com/GoogleLLP/SuperMarket',114,'2021-03-01 04:02:20',NULL,0,'设计精良的网上商城系统，包括前端、后端、数据库、负载均衡、数据库缓存等，使用SpringCloud框架，基于Java开发。该项目可部署到服务器上，不断完善中！',NULL),(518,'mockm','https://github.com/wll8/mockm',114,'2021-03-01 04:03:22',NULL,0,'快速生成接口文档和模拟数据，开发联调效率杠杠滴',NULL),(519,'MCMS','https://gitee.com/mingSoft/MCMS',114,'2021-03-02 09:52:20',NULL,0,'完整开源！基于SpringBoot 2架构，前端基于vue、element ui。每月28定期更新版本，为开发者提供上百套免费模板,同时提供适用的插件（文章、商城、微信、论坛、会员、评论、支付、积分、工作流、任务调度等...），一套简单好用的开源系统、一整套优质的开源生态内容体系。铭飞的使命就是降低开发成本提高开发效率，提供全方位的企业级开发解决方案',NULL),(520,'zheng','https://gitee.com/shuzheng/zheng',114,'2021-03-02 09:54:29',NULL,0,'基于Spring+SpringMVC+Mybatis分布式敏捷开发系统架构，提供整套公共微服务服务模块：集中权限管理（单点登录）、内容管理、支付中心、用户管理（支持第三方登录）、微信平台、存储系统、配置中心、日志分析、任务和通知等，支持服务治理、监控和追踪，努力为中小型企业打造全方位J2EE企业级开发解决方案。',NULL),(521,'WxJava','https://gitee.com/binary/weixin-java-tools',114,'2021-03-02 09:55:25',NULL,0,'WxJava - 微信开发 Java SDK，支持微信支付、开放平台、公众号、企业号/企业微信、小程序等的后端开发',NULL),(522,'You-Get','https://github.com/soimort/you-get',114,'2021-03-03 03:48:51','2021-03-06 01:25:20',0,'一键下载全网视频,不支持批量下载，参考：（https://mp.weixin.qq.com/s/poxT5zv8CuSovY9C-uqEeg）',NULL),(523,'annie','scoop install annie',114,'2021-03-03 03:50:43',NULL,0,'一键下载全网视频,支持批量下载，还支持一些其它の网站',NULL),(524,'工具网','https://67tool.com/',108,'2021-03-06 01:25:20',NULL,0,'工具网，支持各种各样的小工具',NULL),(525,'Open-Shop','https://gitee.com/old-peanut/wechat_applet__open_source?_from=gitee_search',114,'2021-03-06 02:50:51',NULL,0,'Vue2.5.1+Spring支持分销、团购、秒杀、优惠券、微信商城项目',NULL),(526,'进销存系统','https://gitee.com/FINERME/psi',1,'2021-03-15 06:38:46',NULL,0,'Finer进销存是一款面向中小企业的供销链管理系统，基于J2EE快速开发平台Jeecg-Boot开发，采用前后端分离架构：SpringBoot2.x，Ant Design&Vue',NULL),(527,'妖气山视频管理系统','https://gitee.com/javaex/yaoqishan?_from=gitee_search',1,'2021-03-15 06:39:28',NULL,0,'第一款面向大众的java版的视频管理系统。',NULL),(528,'nginx在线格式化','http://www.html580.com/tool/nginx/index.php',1,'2021-03-15 06:40:28',NULL,0,'nginx在线格式化',NULL),(529,'在线生成代码图片','https://www.dute.org/code-snapshot',1,'2021-03-15 06:40:46',NULL,0,'在线生成代码图片',NULL),(530,'Java面试题','https://github.com/JavaInterviewHub/JavaInterview',111,'2021-03-25 08:58:29','2021-03-25 08:58:51',0,'Java面试 ',NULL),(531,'智慧在线考试系统','https://gitee.com/zhuimengshaonian/wisdom-education',114,'2021-03-25 09:16:10',NULL,0,'智慧在线考试系统',NULL),(532,'智慧园区','https://gitee.com/fcba_zzm/ics-park',114,'2021-03-29 16:28:53',NULL,0,'基于园区业务，深度挖掘流程与系统的关键结合点，发挥互联网的优势，系统主要实现园区的资产管理，企业服务及档案管理，园区的活动及商城的搭建。',NULL),(533,'zscat_sw商城','https://gitee.com/catshen/zscat_sw.git',114,'2021-03-30 06:55:16',NULL,0,'使用SpringCloudAlibaba开发的商城系统',NULL),(534,'mallplus','https://gitee.com/zscat/mallplus.git',114,'2021-03-30 06:57:39',NULL,0,'mallplus项目是一套电商系统，包括前台商城系统及后台管理系统，小程序 ，wechat 和类似 taro微信商城，pc商城，基于SpringBoot+MyBatis实现。 前台商城系统包含首页门户、商品推荐、商品搜索、[ 微信 + 支付宝 + 百度 + 头条 ] 小程序 + APP + 公众号 + PC + H5 等模块。 后台管理系统包含商品管理、订单管理、会员管理、促销管理、分销商城 积分商城、权限管理、设置等模块 uniapp 生成的h5 小程序 和app',NULL);
/*!40000 ALTER TABLE `resources` ENABLE KEYS */;
UNLOCK TABLES;

--
-- Table structure for table `sys_menu`
--

DROP TABLE IF EXISTS `sys_menu`;
/*!40101 SET @saved_cs_client     = @@character_set_client */;
/*!40101 SET character_set_client = utf8 */;
CREATE TABLE `sys_menu` (
  `id` int(11) NOT NULL AUTO_INCREMENT COMMENT '主键id',
  `name` varchar(32) DEFAULT NULL COMMENT '菜单名称(英文)',
  `path` varchar(256) DEFAULT NULL COMMENT '前端路由标识路径',
  `icon` varchar(32) DEFAULT NULL COMMENT '图标',
  `title` varchar(50) DEFAULT NULL COMMENT '菜单名称(中文)',
  `redirect` varchar(256) DEFAULT NULL COMMENT '前端路由重定向路径',
  `sort` int(11) NOT NULL DEFAULT '0' COMMENT '排序',
  `parent_id` varchar(64) NOT NULL DEFAULT '-1' COMMENT '父id',
  `create_time` timestamp NOT NULL DEFAULT CURRENT_TIMESTAMP COMMENT '创建时间',
  `create_by` varchar(64) DEFAULT NULL COMMENT '创建人',
  `update_time` timestamp NOT NULL DEFAULT '0000-00-00 00:00:00' ON UPDATE CURRENT_TIMESTAMP COMMENT '更新时间',
  `update_by` varchar(64) DEFAULT NULL COMMENT '更新人',
  `hidden` tinyint(1) NOT NULL DEFAULT '0' COMMENT '是否隐藏菜单',
  PRIMARY KEY (`id`)
) ENGINE=InnoDB DEFAULT CHARSET=utf8 COMMENT='菜单表';
/*!40101 SET character_set_client = @saved_cs_client */;

--
-- Dumping data for table `sys_menu`
--

LOCK TABLES `sys_menu` WRITE;
/*!40000 ALTER TABLE `sys_menu` DISABLE KEYS */;
/*!40000 ALTER TABLE `sys_menu` ENABLE KEYS */;
UNLOCK TABLES;

--
-- Table structure for table `upload_file`
--

DROP TABLE IF EXISTS `upload_file`;
/*!40101 SET @saved_cs_client     = @@character_set_client */;
/*!40101 SET character_set_client = utf8 */;
CREATE TABLE `upload_file` (
  `id` int(11) NOT NULL AUTO_INCREMENT COMMENT '主键id',
  `url` varchar(255) NOT NULL COMMENT '访问路径',
  `origin_name` varchar(255) DEFAULT NULL COMMENT '原始文件名',
  `create_time` timestamp NOT NULL DEFAULT CURRENT_TIMESTAMP COMMENT '创建时间',
  `method` int(4) DEFAULT '0' COMMENT '文件上传方式（0-本地上传，1-oss，2-minio）',
  `remark` varchar(255) DEFAULT NULL COMMENT '备注',
  PRIMARY KEY (`id`)
) ENGINE=InnoDB AUTO_INCREMENT=3 DEFAULT CHARSET=utf8 COMMENT='文件上传记录表';
/*!40101 SET character_set_client = @saved_cs_client */;

--
-- Dumping data for table `upload_file`
--

LOCK TABLES `upload_file` WRITE;
/*!40000 ALTER TABLE `upload_file` DISABLE KEYS */;
INSERT INTO `upload_file` VALUES (1,'/res/56604758-2581-4815-8a6d-f01623def6ee.jpg','bg1.jpg','2021-03-30 08:24:06',0,NULL),(2,'/res/077d7758-d711-4f5f-b09f-46ed3ec4ea30.jpg','bg1.jpg','2021-03-30 08:33:50',0,NULL);
/*!40000 ALTER TABLE `upload_file` ENABLE KEYS */;
UNLOCK TABLES;
/*!40103 SET TIME_ZONE=@OLD_TIME_ZONE */;

/*!40101 SET SQL_MODE=@OLD_SQL_MODE */;
/*!40014 SET FOREIGN_KEY_CHECKS=@OLD_FOREIGN_KEY_CHECKS */;
/*!40014 SET UNIQUE_CHECKS=@OLD_UNIQUE_CHECKS */;
/*!40101 SET CHARACTER_SET_CLIENT=@OLD_CHARACTER_SET_CLIENT */;
/*!40101 SET CHARACTER_SET_RESULTS=@OLD_CHARACTER_SET_RESULTS */;
/*!40101 SET COLLATION_CONNECTION=@OLD_COLLATION_CONNECTION */;
/*!40111 SET SQL_NOTES=@OLD_SQL_NOTES */;

-- Dump completed on 2021-03-31 14:30:14
